Column1,Column2,Column3
antlr:antlr,2.7.7,"???????? ?????? ??????????? ??????? ??? ??????, ?????????, ?????????? ??? ???????? ?????????????????? ?????? ??? ???????? ??????"
aopalliance:aopalliance,1.0,Aopalliance
args4j:args4j,2.0.31,?????? ?????????? ????????? ?????? Java
ch.qos.logback:logback-classic,1.2.3,"Logback: ?????????????, ????????, ??????? ? ?????? ?????????? ???????? ??? Java."
ch.qos.logback:logback-core,1.2.3,"Logback: ?????????????, ????????, ??????? ? ?????? ?????????? ???????? ??? Java."
classworlds:classworlds,1.1-alpha-2,"????????? ??? ????????????? ???????????, ??????? ??????? ??????? ??????????? ? ???????????? ??????? Java."
com.atomikos:atomikos-util,4.0.4,?????????? ??????????????? ????????????
com.atomikos:transactions,4.0.4,?????????? ??????????????? ????????????
com.atomikos:transactions-api,4.0.4,?????????? ??????????????? ????????????
com.atomikos:transactions-jdbc,4.0.4,?????????? ??????????????? ????????????
com.atomikos:transactions-jms,4.0.4,?????????? ??????????????? ????????????
com.atomikos:transactions-jta,4.0.4,?????????? ??????????????? ????????????
com.beust:jcommander,1.48,?????????? ??????????? ????????? ?????? ??? Java
com.codepoetics:protonpack,1.8,????????? ?????? Stream ??? Java 8
com.damnhandy:handy-uri-templates,2.1.6,Handy URI Templates - ??? ??????????? ? RFC6570 ????????? ????????? URI.
com.fasterxml.jackson.core:jackson-annotations,2.6.3,JSON ?????? ??? Java
com.fasterxml.jackson.core:jackson-core,2.6.3,JSON ?????? ??? Java
com.fasterxml.jackson.core:jackson-databind,2.6.3,JSON ?????? ??? Java
com.fasterxml.jackson.dataformat:jackson-dataformat-xml,2.6.3,JSON ?????? ??? Java
com.fasterxml.jackson.dataformat:jackson-dataformat-yaml,2.8.7,????????? ?????? ? ?????? YAML-???????????? ?????? ????? ?????????? ????????.
com.fasterxml.jackson.datatype:jackson-datatype-joda,2.8.7,?????????????? ?????? ??? Jackson (http://github.com/FasterXML/jackson) ??? ????????? ????? ?????? Joda (https://www.joda.org/joda-time/).
com.fasterxml.jackson.datatype:jackson-datatype-jsr310,2.6.3,?????????????? ?????? ??? ????????? ????? ?????? JSR-310 (Java 8 Date and Time API).
com.fasterxml.jackson.jaxrs:jackson-jaxrs-base,2.8.7,JSON ?????? ??? Java
com.fasterxml.jackson.jaxrs:jackson-jaxrs-json-provider,2.8.7,JSON ?????? ??? Java
com.fasterxml.jackson.module:jackson-module-jaxb-annotations,2.6.3,JSON ?????? ??? Java
com.fasterxml.woodstox:woodstox-core,5.0.3,"Woodstox - ??? ?????????????????????? ????????? XML, ??????? ????????? API-?????????? Stax (JSR-173) ? SAX2"
com.fasterxml:classmate,1.3.3,"?????????? ??? ??????? ????? ? ?????? ????? ???????????, ??????? ?????????? ????? ????? ? ???????"
com.fasterxml:classmate,1.5.1,"?????????? ??? ??????? ????? ? ?????? ????? ???????????, ??????? ?????????? ????? ????? ? ???????"
com.fazecast:jSerialComm,2.6.2,??????????? ?? ????????? ?????????? ???????????????? ????? ??? Java.
com.flipkart.zjsonpatch:zjsonpatch,0.4.4,?????????? Java ??? ?????? / ?????????? ?????? JSON ? ???????????? ? RFC 6902
com.github.atomashpolskiy:bt-bencoding,1.7,"?????????? ??? ???????, ??????????? ? ???????? ?????????????? ?????????? ? Java"
com.github.atomashpolskiy:bt-core,1.7,?????????? ?????????? BitTorrent
com.github.atomashpolskiy:bt-dht,1.7,Mainline DHT (libmldht) ??????? ??? ??????? Bt BitTorrent
com.github.atomashpolskiy:bt-http-tracker-client,1.7,?????????? ??? ?????????? ? HTTP BitTorrent-?????????
com.github.dozermapper:dozer-core,6.1.0,"??????????????? Java Bean ? Java Bean, ??????? ?????????? ???????? ?????? ?? ?????? ??????? ? ??????."
com.github.dozermapper:dozer-schema,6.1.0,"??????????????? Java Bean ? Java Bean, ??????? ?????????? ???????? ?????? ?? ?????? ??????? ? ??????."
com.github.everit-org.json-schema:org.everit.json.schema,1.6.0,"?????????? ???????????? JSON Schema Core Draft v4, ????????? ? ??????? API org.json"
com.github.jai-imageio:jai-imageio-core,1.3.1,"???? API Advanced Imaging Image I / O Tools, ?? ??? ???????, ????????? ? ????????????? javax.media.jai, JPEG2000 ??? codecLibJIIO, ??? ????????, ??? ??? ?????????? ????? ???????????????? ?? ???????????????? ???????? BSD ? ?????? ???? ?????????? ? GPL."
com.github.jknack:handlebars,4.1.2,?????????? ? ????????????? ??????? Java
com.github.jknack:handlebars-helpers,4.1.2,????????? ????????????
com.github.jnr:jffi,1.2.15,????????? ??????? ??????? Java
com.github.jnr:jffi,native,????????? ??????? ??????? Java
com.github.jnr:jnr-constants,0.9.8,"????? ???????? ????????? (????????, ???????? errno)"
com.github.jnr:jnr-ffi,2.1.4,?????????? ??? ?????? ???????? ??????? ?? Java
com.github.jnr:jnr-posix,3.0.41,????? ?????-????????? / ?????????????????? API POSIX
com.github.jnr:jnr-x86asm,1.0.2,?????-Java X86 ? X86_64 ?????????
com.github.luben:zstd-jni,1.4.3-1,"???????? JNI ??? ??????????? ?????????? Zstd, ??????? ???????????? ??????? ? ??????? ???????? ?????? ??? ?????? ??? Java ? ???? ?????? JVM."
com.github.tomakehurst:wiremock-jre8,2.26.3,???? ???-??????? ?? ??? ?????? ?????
com.google.code.findbugs:annotations,1.3.9,????????? ???????????? ?????????? FindBugs
com.google.code.findbugs:annotations,2.0.1,????????? ???????????? ?????????? FindBugs
com.google.code.findbugs:jsr305,1.3.9,????????? ??????? ????????? jsr305
com.google.code.findbugs:jsr305,3.0.1,????????? ??????? ????????? jsr305
com.google.code.gson:gson,2.6.2,?????????? Google Gson
com.google.code.gson:gson,2.8.0,?????????? Google Gson
com.google.code.javaparser:javaparser,1.0.10,??????
com.google.errorprone:error_prone_annotations,2.0.18,???????????? ??????? ?????????
com.google.guava:guava,22.0,"Guava - ??? ????? ??????? ? ??????????? ?????????, ??????? ???????? ? ???? ????????? ??????, ????????? Google, io-?????? ? ?????? ??????."
com.google.inject.extensions:guice-multibindings,4.1.0,"???????????, ?????????? ????????? ????????? ????????"
com.google.inject:guice,4.0,"Guice (???????????? «???») - ??? ??????????? ????? ????????? ???????????? ??? Java 5, ?????????????? ??? Google."
com.google.inject:guice,4.1.0,"Guice (???????????? «???») - ??? ??????????? ????? ????????? ???????????? ??? Java 5, ?????????????? ??? Google."
com.google.j2objc:j2objc-annotations,1.1,"????? ?????????, ??????? ????????????? ?????????????? ?????????? ??????????? J2ObjC ??? ????????? ?????????? ????????."
com.google.zxing:core,3.3.0,??????? ?????????? ??????????? / ????????????? ?????-????
com.google.zxing:javase,3.3.0,??????????? ??? Java SE ?????????? ??????? ?????????? Zxing
com.googlecode.javaewah:JavaEWAH,0.7.9,????????? ?????? ???????? ??????? ??????????? ? Java ??? ????? BitSet.
com.googlecode.json-simple:json-simple,1.1.1,??????? ?????????????? Java ??? JSON
com.h2database:h2,1.4.193,H2 Database Engine
com.ibm.mq:com.ibm.mq.allclient,9.0.4.0,?????? IBM MQ ??? Java ? JMS.
com.infradna.tool:bridge-method-annotation,1.13,???????? ?????????? ??????
com.jayway.jsonpath:json-path,2.2.0,Java-???? JsonPath.
com.jcraft:jsch,0.1.53,JSch - ??? ?????? Java-?????????? SSH2
com.jcraft:jsch,0.1.54,JSch - ??? ?????? Java-?????????? SSH2
com.jcraft:jzlib,1.1.3-kohsuke-1,JZlib - ??? ????????? ?????????? zlib ? ?????? Java
com.kohlschutter.junixsocket:junixsocket-common,2.0.4,"?????????, ???????? API"
com.kohlschutter.junixsocket:junixsocket-native-common,2.0.4,???????? ????? ???????? ?????????? JNI ??? ????? ????????
com.rabbitmq:amqp-client,4.2.1,?????????? ?????????? RabbitMQ Java ????????? ???? Java ????????????????? ? ????????? AMQP.
com.rometools:rome,1.12.2,??? ?????? ????? ? ???.
com.rometools:rome-utils,1.12.2,??????? ??? ???????? ROME
com.sparkjava:spark-core,2.6.0,????????????? Sinatra ????????? Java
com.squareup.okhttp3:okhttp,3.3.0,HTTP-??????
com.squareup.okio:okio,1.8.0,??????????? I / O API ??? Java
com.squareup.retrofit2:converter-gson,2.1.0,????????? Gson
com.squareup.retrofit2:retrofit,2.1.0,?????????????? HTTP-??????
com.sun.codemodel:codemodel,2.6,???????? ?????????????? ??????????? ?????????? ????????? ????????? ???? Java CodeModel
com.sun.mail:javax.mail,1.5.6,JavaMail API
com.sun.solaris:embedded_su4j,1.1,Embedded_su ??? Java
com.sun.xml.bind:jaxb-core,2.2.11,?????? ?????? JAXB Core.
com.sun.xml.bind:jaxb-impl,2.2.11,?????? JAXB Runtime ??????.
com.sun.xml.bind:jaxb-xjc,2.2.11,?????? JAXB Binding Compiler.
com.sun.xml.txw2:txw2,20110809,TXW2 Runtime
com.thoughtworks.xstream:xstream,1.4.10,???? ????? ?????? ??????????? $ {pkgArtifactId} - $ {pkgVersion} .jar.
com.thoughtworks.xstream:xstream,1.4.11.1,???? ????? ?????? ??????????? $ {pkgArtifactId} - $ {pkgVersion} .jar.
com.vaadin.external.google:android-json,0.0.20131108.vaadin1,JSON (JavaScript Object Notation) - ??? ?????? ?????? ?????? ???????.
commons-beanutils:commons-beanutils,1.9.2,Java Bean Utilities
commons-codec:commons-codec,1.10,"????? ??????? ???????? ??????? ????? ? ???????? ??? ????????? ????????, ????? ??? Base64 ? Hexadecimal."
commons-collections:commons-collections,3.2.2,"????, ??????? ????????? ? ????????? Java Collections Framework."
commons-dbcp:commons-dbcp,1.4,??? ?????????? ???? ?????? Commons
commons-digester:commons-digester,2.1,"????? Digester ????????? ????????? ?????? ????????????? ???????? XML-Java, ??????? ????????? ???????????? ????????, ?????????? ?????????, ??? ????????????? ????????????? ??????? ????????? ????????? XML."
commons-discovery:commons-discovery,0.4,????????? Apache Commons Discovery ???????????? ??? ??????????? ??? ?????? ?????????? ???????????? ???????????.
commons-fileupload:commons-fileupload,1.2.2,"????????? FileUpload ????????????? ???????, ?? ?????? ???????? ?????????? ????????? ??????? ???????????? ???????? ?????? ? ???????? ? ???-??????????."
commons-fileupload:commons-fileupload,1.3.1-jenkins-2,"????????? FileUpload ????????????? ???????, ?? ?????? ???????? ?????????? ????????? ??????? ???????????? ???????? ?????? ? ???????? ? ???-??????????."
commons-httpclient:commons-httpclient,3.1,"????????? HttpClient ???????????? ?????????? ????? RFC 1945 (HTTP / 1.0) ? RFC 2616 (HTTP / 1.1), ????????? ????????? ???????????? (RFC 2109 (Cookies), RFC 2617 (HTTP-??????????????) ? ?. ?.) ? ???????????? ?????????"
commons-httpclient:commons-httpclient,3.1-jenkins-1,"????????? HttpClient ???????????? ?????????? ????? RFC 1945 (HTTP / 1.0) ? RFC 2616 (HTTP / 1.1), ????????? ????????? ???????????? (RFC 2109 (Cookies), RFC 2617 (HTTP-??????????????) ? ?. ?.) ? ???????????? ?????????"
commons-io:commons-io,2.4,"Commons-IO ???????? ????????? ??????, ?????????? ???????, ??????? ?????? ? ?????? ??????."
commons-io:commons-io,2.5,"Commons-IO ???????? ????????? ??????, ?????????? ???????, ??????? ?????? ? ?????? ??????."
commons-io:commons-io,2.6,"Commons-IO ???????? ????????? ??????, ?????????? ???????, ??????? ?????? ? ?????? ??????."
commons-jelly:commons-jelly-tags-fmt,1.0,?????????? Jelly fmt Tag
commons-jelly:commons-jelly-tags-xml,1.1,?????????? Jelly XML Tag
commons-lang:commons-lang,2.6,"Commons.Lang, ????? ????????? ??????? Java ??? ???????, ??????? ????????? ? ???????? java.lang ??? ????????? ????????? ????????????, ????? ????????? ????????????? ? java.lang."
commons-logging:commons-logging,1.0.3,"Apache Commons Logging - ??? ?????? ???????, ??????????? ??????????? ???????? ?????????? ? ???????, ?????? ?????????? ????????? ??????? ????????"
commons-logging:commons-logging,1.0.4,"Apache Commons Logging - ??? ?????? ???????, ??????????? ??????????? ???????? ?????????? ? ???????, ?????? ?????????? ????????? ??????? ????????"
commons-logging:commons-logging,1.1.1,"Apache Commons Logging - ??? ?????? ???????, ??????????? ??????????? ???????? ?????????? ? ???????, ?????? ?????????? ????????? ??????? ????????"
commons-net:commons-net,3.6,"??? Java-?????????? ?????? ????????-??????????, ?????????? ????????????? ORO, Inc. ??? ?????? ???????????? Finger, Whois, TFTP, Telnet, POP3, FTP, NNTP, SMTP ? ????????? ?????? ?????????, ????? ??? Time ? Echo, ? ????? ????????? ?????? BSD R. ???? ?????????? - ?????????? ?????? ? ????????? ?????????, ? ?? ? ??????????? ????? ???????? ??????. ??????? ????? ??????? ???????? ???????? ????????-???????????????? ??????????????. ???? ????????? ??????????? ? ???, ????? ??????? ?????????? ???????????????? ????????????? ??????? (????????, ???????????? ???? TFTP ? ??????????? ????), ????? ??? ????????, ?? ????? ?????????? ?????? ? ???????? ??????????, ??? ??? ?????????, ????? ??????????? ??? ????????? ???? ??????????? ???????????????? ?????????? (????????, TFTP). ?????? ??????? ? ?????? ???????? ? ????????? ??????? TFTP). ?????????? NetComponents ??? ???????????? ?????????, ?? ????? ????, ??? ORO ????????, ??? ?????????? ?????? ????????? ??? ???, ??? ????? ??? ????????. ?????? ? ??????? ?????? 1.3.8, ?????????? ? 1998 ????, ??????? ?????????? ??????? ?? ????. ??????, ????? ???????????? ????????????? ?? ????????? ???????, ????? ??????? ???????? ??? ???????? ????????? ? ?????? ???????? ?? ??????????? ??????????? Apache."
commons-pool:commons-pool,1.6,??? ?????????? ???? ?????? Commons
commons-validator:commons-validator,1.6,"Apache Commons Validator ????????????? ???????????? ????? ??? ??? ???????? ?? ??????? ???????, ??? ? ??? ???????? ?????? ?? ??????? ???????."
crypto:crypto-server-lib,5,?????????? ??????? ????????????????? ????
io.dropwizard.metrics:metrics-core,3.1.3,"Metrics - ??? ?????????? Java, ??????? ???? ??? ??????????????? ????????????? ? ???, ??? ?????? ??? ??? ? ????????????."
io.dropwizard.metrics:metrics-core,3.2.4,"Metrics - ??? ?????????? Java, ??????? ???? ??? ??????????????? ????????????? ? ???, ??? ?????? ??? ??? ? ????????????."
io.dropwizard.metrics:metrics-json,3.1.5,"????? ??????? ????????, ??????? ????????????? ????????????? ??? ??????????? ??????? ??????."
io.netty:netty-all,4.1.16.Final,"Netty - ??? ??????-????????? ?????????????? NIO, ??????? ????????? ?????? ? ????? ????????????? ??????? ??????????, ????? ??? ??????? ?????????? ? ???????"
io.netty:netty-buffer,4.0.36.Final,"Netty - ??? ??????-????????? ?????????????? NIO, ??????? ????????? ?????? ? ????? ????????????? ??????? ??????????, ????? ??? ??????? ?????????? ? ???????"
io.netty:netty-codec,4.0.36.Final,"Netty - ??? ??????-????????? ?????????????? NIO, ??????? ????????? ?????? ? ????? ????????????? ??????? ??????????, ????? ??? ??????? ?????????? ? ???????"
io.netty:netty-common,4.0.36.Final,"Netty - ??? ??????-????????? ?????????????? NIO, ??????? ????????? ?????? ? ????? ????????????? ??????? ??????????, ????? ??? ??????? ?????????? ? ???????"
io.netty:netty-handler,4.0.36.Final,"Netty - ??? ??????-????????? ?????????????? NIO, ??????? ????????? ?????? ? ????? ????????????? ??????? ??????????, ????? ??? ??????? ?????????? ? ???????"
io.netty:netty-transport,4.0.36.Final,"Netty - ??? ??????-????????? ?????????????? NIO, ??????? ????????? ?????? ? ????? ????????????? ??????? ??????????, ????? ??? ??????? ?????????? ? ???????"
io.springfox:springfox-core,2.9.2,???????????? ?? JSON API ??? Spring-??????????
io.springfox:springfox-schema,2.9.2,???????????? ?? JSON API ??? Spring-??????????
io.springfox:springfox-spi,2.9.2,???????????? ?? JSON API ??? Spring-??????????
io.springfox:springfox-spring-web,2.9.2,???????????? ?? JSON API ??? Spring-??????????
io.springfox:springfox-swagger2,2.9.2,???????????? ?? JSON API ??? Spring-??????????
io.springfox:springfox-swagger-common,2.9.2,???????????? ?? JSON API ??? Spring-??????????
io.springfox:springfox-swagger-ui,2.9.2,???????????? ?? JSON API ??? Spring-??????????
io.swagger:swagger-annotations,1.5.16,Swagger ?????????
io.swagger:swagger-annotations,1.5.20,Swagger ?????????
io.swagger:swagger-core,1.5.16,Swagger Core
io.swagger:swagger-jaxrs,1.5.16,Swagger JAXRS
io.swagger:swagger-models,1.5.20,?????? Swagger
io.swagger:swagger-parser,1.0.30,Swagger Parser
jarapac:jarapac,1.0.0,??????????? ?? ?????????? ?????????? ? ????????? ????? ??? DCE / RPC ? Java
jarapac:jcifs,1.1.2,"JCIFS - ??? ?????????? ?????????? ? ???????? ???????? ?????, ??????? ????????? ??????? ???????? CIFS / SMB ?? 100% Java"
jarapac:ncacn_ip_tcp,1.0.0,??? ????????????? TCP / IP ??? ????????? ?????????? ??? ???????? ?????
javax.activation:activation,1.1,????? ????????? JavaBeans (TM) ???????????? API JavaMail (TM) ??? ?????????? ??????? MIME
javax.annotation:javax.annotation-api,1.2,????? ????????? ??? API ????????? JavaTM
javax.annotation:javax.annotation-api,1.3,????? ????????? ??? API ????????? JavaTM
javax.cache:cache-api,1.0.0,JSR107 API ? SPI
javax.el:javax.el-api,2.2.5,API ????? ????????? 3.0
javax.inject:javax.inject,1,API javax.inject
javax.jms:javax.jms-api,2.0.1,Jamas API
javax.mail:mail,1.4.4,JavaMail API JAR
javax.resource:javax.resource-api,1.7.1,????? ??? ??????????? ???????
javax.servlet.jsp.jstl:javax.servlet.jsp.jstl-api,1.2.1,API ?????????? ????? JavaServer Pages (TM)
javax.servlet:javax.servlet-api,3.1.0,API ????????? Java
javax.transaction:javax.transaction-api,1.2,API-????????? Project GlassFish ??? Java-??????????
javax.validation:validation-api,1.0.0.GA,API ???????? ?????
javax.validation:validation-api,1.1.0.Final,API ???????? ?????
javax.websocket:javax.websocket-api,1.0,JSR 356: Java API ??? WebSocket
javax.websocket:javax.websocket-client-api,1.0,JSR
javax.ws.rs:javax.ws.rs-api,2.1,Java API ??? ???-???????? RESTful
javax.ws.rs:jsr311-api,1.1.1,JSR311 API
javax.xml.bind:jaxb-api,2.3.0,JAXB API
javax.xml.stream:stax-api,1.0-2,"StAX API - ??? ??????????? API ????????? XML Java, ???????????? ? JSR-173"
javax:javaee-api,7.0,JavaEE API
jaxen:jaxen,1.1.6,Jaxen - ??? ????????????? ?????? XPath ??? Java.
jfree:jcommon,1.0.12,?????????? ??????? ?????? ?????????? Java
jfree:jfreechart,1.0.9,?????????? ???????? ??? ????????? Java
jline:jline,2.12,?????????? Java ??? ????????? ????? ? ???????
joda-time:joda-time,2.9.7,"?????????? ???? ? ???????, ????? ???????? ????????? ???? JDK"
junit:junit,4.12,???? ???? ???????? ?????? ??????? ???????.
log4j:log4j,1.2.9,?????????? ???????????
log4j:log4j,1.2.16,?????????? ???????????
net.bramp.ffmpeg:ffmpeg,0.6.2,??????? Java-???????? ??? ?????????? ????????? ?????? FFmpeg
net.bytebuddy:byte-buddy,1.8.12,Byte Buddy - ??? ?????????? Java ??? ???????? ??????? Java ?? ????? ??????????.
net.i2p.crypto:eddsa,0.2.0,?????????? EdDSA ?? Java
net.java.dev.jna:jna,4.2.2,??????????? ?????? ? Java
net.java.dev.jna:jna-platform,5.5.0,????????? ????????? ??????? Java
net.java.sezpoz:sezpoz,1.12,SezPoz ??????????
net.javacrumbs.json-unit:json-unit-core,2.12.0,???????? ?????? ??? ?????? JSON
net.lingala.zip4j:zip4j,1.3.2,Zip4j - ?????????? Java ??? zip-?????? ? ???????
net.minidev:accessors-smart,1.1,"Java-???????? ???? ?????? ?????????????????? ??? ?????? ??????-??????????, ??????????? ?????????????, ???????? ???????, ???????????? ???????? ???????, ?????????? ASM ??? ????????? ???? ???????."
net.minidev:json-smart,2.2.1,JSON (JavaScript Object Notation) - ??? ?????? ?????? ?????? ???????.
net.sf.ehcache:ehcache,2.10.3,"Ehcache - ??? ?????? Java, ???????????????? ??? ?? ?????????? ?????????: ???????, ???????, ????????? ??? ???????????? ??? ??? Hibernate 2.1."
net.sf.ezmorph:ezmorph,1.0.6,??????? ?????????? Java ??? ?????????????? ??????? ? ?????? ??????.
net.sf.jopt-simple:jopt-simple,5.0.3,?????????? Java ??? ??????? ?????????? ????????? ??????
net.sf.json-lib:json-lib,jdk15,"?????????? Java ??? ?????????????? bean-???????????, ???? ? XML ? JSON."
net.sf.saxon:Saxon-HE,9.7.0-18,XSLT ? XQuery Processor
net.sourceforge.collections:collections-generic,4.01,?????????
nz.net.ultraq.thymeleaf:thymeleaf-layout-dialect,1.4.0,"??????? Thymeleaf, ??????? ????????? ??? ???????????? ??????? ?????? / ?????????? ??? ?????????? ?????? ????????."
ognl:ognl,3.0.8,OGNL ???????????????? ??? Object-Graph Navigation Language
org.abego.treelayout:org.abego.treelayout.core,1.0.1,??????????? ? ????????????? ???????? TreeLayout ? Java.
org.acegisecurity:acegi-security,1.0.7,Acegi Security Core
org.antlr:antlr4-runtime,4.5,ANTLR 4 Runtime
org.apache.activemq.protobuf:activemq-protobuf,1.1,?????????? ???????? ?????? Java API.
org.apache.activemq:activemq-amqp,5.15.11,ActiveMQ ?????????? ????????? ?????? ??????????? AMQ
org.apache.activemq:activemq-broker,5.15.11,?????????? ActiveMQ Message Broker
org.apache.activemq:activemq-camel,5.14.0,ActiveMQ ????????? ??? Camel
org.apache.activemq:activemq-camel,5.15.11,ActiveMQ ????????? ??? Camel
org.apache.activemq:activemq-client,5.15.11,?????????? ??????? ActiveMQ
org.apache.activemq:activemq-http,5.15.11,????????? ????????? ActiveMQ HTTP
org.apache.activemq:activemq-jaas,5.15.11,????????? ????? ??????? ????? ? ??????? JAAS
org.apache.activemq:activemq-jms-pool,5.15.11,????? JMS-??? ConnectionFactory
org.apache.activemq:activemq-kahadb-store,5.15.11,?????????? ???????? ActiveMQ KahaDB
org.apache.activemq:activemq-mqtt,5.15.11,?????????? ????????? ActiveMQ MQTT
org.apache.activemq:activemq-openwire-legacy,5.15.11,?????? ????????? ActiveMQ Openwire Legacy
org.apache.activemq:activemq-pool,5.15.11,ActiveMQ ??? ?????????? ???????
org.apache.activemq:activemq-spring,5.15.11,ActiveMQ Spring Integration
org.apache.activemq:activemq-stomp,5.15.11,?????????? ????????? ActiveMQ STOMP
org.apache.activemq:activemq-web,5.15.11,Web Connector ??? REST API ? ????????? Streamlets
org.apache.ant:ant,1.8.4,??????? Apache Ant Core
org.apache.ant:ant-launcher,1.8.4,Apache Ant Launcher
org.apache.camel:camel-barcode,2.20.2,"????????? Camel Barcode (????????, QRcode, PDF417, DataMatrix)"
org.apache.camel:camel-base64,2.20.2,????????? ??????? ?????? Camel Base64
org.apache.camel:camel-cache,2.20.2,????????? Camel Cache ?? ?????? ehCache
org.apache.camel:camel-core,2.20.1,????????????? ?? ???? Core Camel POJO
org.apache.camel:camel-core,2.20.2,????????????? ?? ???? Core Camel POJO
org.apache.camel:camel-crypto,2.1.0,????????????????? ????????? Camel
org.apache.camel:camel-csv,2.20.2,????????? Camel CSV
org.apache.camel:camel-cxf,2.20.2,????????? Camel CXF
org.apache.camel:camel-cxf-transport,2.20.2,????????? ????????? ??? Apache CXF
org.apache.camel:camel-dozer,2.20.2,????????? ??????? ??? ??????? ?????????????? ????? Dozer
org.apache.camel:camel-ehcache,2.20.2,????????? Camel Ehcache
org.apache.camel:camel-exec,2.20.2,????????? ????????? ??? ?????????? ????????? ??????
org.apache.camel:camel-ftp,2.20.2,????????? Camel FTP
org.apache.camel:camel-ftp-server,1.1.0,????????????? ?? ???? Core Camel Java DSL
org.apache.camel:camel-groovy,2.20.2,????????? Camel Groovy
org.apache.camel:camel-http4,2.20.2,????????? Camel HTTP (Apache HttpClient 4.x)
org.apache.camel:camel-http-common,2.20.2,??????? HTTP ?????
org.apache.camel:camel-jackson,2.20.2,????????? ??????? ????????
org.apache.camel:camel-jaxb,2.20.2,????????? Camel JAXB
org.apache.camel:camel-jetty9,2.20.2,????????? Camel Jetty9
org.apache.camel:camel-jetty-common,2.20.2,????????? Camel Jetty 9.x
org.apache.camel:camel-jms,2.16.3,????????? Camel JMS
org.apache.camel:camel-jms,2.20.2,????????? Camel JMS
org.apache.camel:camel-jpa,2.21.1,????????? Camel JPA
org.apache.camel:camel-json-validator,2.20.2,???????? ????? JSON Camel ?? ?????? ?????????? SON-????? NetworkNT
org.apache.camel:camel-kafka,2.20.2,????????? Camel Kafka
org.apache.camel:camel-ldap,2.20.2,????????? Camel LDAP
org.apache.camel:camel-leveldb,2.15.2,????????????? LevelDB ? ???????? ??????????? ????????? EIP
org.apache.camel:camel-leveldb,2.20.2,????????????? LevelDB ? ???????? ??????????? ????????? EIP
org.apache.camel:camel-mail,2.20.2,????????? Camel Mail
org.apache.camel:camel-metrics,2.20.2,????????? ??????????? ?? ?????? Camel Metrics
org.apache.camel:camel-milo,2.20.2,????????? Camel OPC UA
org.apache.camel:camel-mina2,2.20.2,????????? Camel MINA 2.x
org.apache.camel:camel-netty4,2.20.2,????????? ????? ?? ?????? ?????? Camel Netty NIO
org.apache.camel:camel-printer,2.20.2,????????? ????????? Camel
org.apache.camel:camel-rabbitmq,2.20.2,Camel RabbitMQ Component
org.apache.camel:camel-rest-swagger,2.20.2,????????? Camel REST ? ?????????????? Swagger
org.apache.camel:camel-saxon,2.20.2,????????? Camel SAXON
org.apache.camel:camel-script,2.20.2,????????? Camel Script
org.apache.camel:camel-sjms,2.20.2,?????? Java JMS Camel Component
org.apache.camel:camel-spark-rest,2.20.2,????????? Camel Spark (REST DSL)
org.apache.camel:camel-spring,2.20.1,????????? Camel Spring
org.apache.camel:camel-spring,2.20.2,????????? Camel Spring
org.apache.camel:camel-spring-ws,2.20.2,????????? Camel ??? Spring Web Services
org.apache.camel:camel-sql,2.20.2,????????? Camel SQL
org.apache.camel:camel-ssh,2.20.2,????????? Camel SSH
org.apache.camel:camel-stream,2.20.2,"????????? Camel Stream (System.in, System.out, System.err)"
org.apache.camel:camel-swagger-java,2.20.2,????????? Rest-DSL ??? ????????????? Swagger API-DOC
org.apache.camel:camel-syslog,2.20.2,????????? Camel Syslog
org.apache.camel:camel-telegram,2.20.2,????????? Camel Telegram
org.apache.camel:camel-test,2.20.2,Camel ???? ????????????
org.apache.camel:camel-test-spring,2.20.2,???????????? camel ? ??????? Spring
org.apache.camel:camel-websocket,2.20.2,Camel WebSocket ? ?????????????? Jetty
org.apache.camel:camel-xmljson,2.20.2,?????? ?????? Camel XML JSON
org.apache.camel:camel-xstream,2.20.2,????????? Camel XStream
org.apache.camel:camel-zipfile,2.20.2,????????? Camel Zip ??????
org.apache.commons:commons-collections4,4.2,"????? Apache Commons Collections ???????? ????, ??????? ????????? ? ????????? Java Collections Framework."
org.apache.commons:commons-compress,1.9,"Commons Compress - ??? ?????????, ?????????? ?????? Ar, Cpio, Jar, Tar, Zip ? BZip2."
org.apache.commons:commons-compress,1.10,"Commons Compress - ??? ?????????, ?????????? ?????? Ar, Cpio, Jar, Tar, Zip ? BZip2."
org.apache.commons:commons-compress,1.20,"Commons Compress - ??? ?????????, ?????????? ?????? Ar, Cpio, Jar, Tar, Zip ? BZip2."
org.apache.commons:commons-csv,1.5,???? ????? ?????? ??????????? $ {pkgArtifactId} - $ {pkgVersion} .jar.
org.apache.commons:commons-exec,1.3,?????????? ??? ????????? ?????????? ??????? ????????? ?????? JVM
org.apache.commons:commons-lang3,3.5,"Apache Commons Lang, ????? ????????? ??????? Java ??? ???????, ??????? ????????? ? ???????? java.lang ??? ????????? ????????? ????????????, ????? ????????? ????????????? ? java.lang."
org.apache.commons:commons-lang3,3.6,"Apache Commons Lang, ????? ????????? ??????? Java ??? ???????, ??????? ????????? ? ???????? java.lang ??? ????????? ????????? ????????????, ????? ????????? ????????????? ? java.lang."
org.apache.commons:commons-lang3,3.7,"Apache Commons Lang, ????? ????????? ??????? Java ??? ???????, ??????? ????????? ? ???????? java.lang ??? ????????? ????????? ????????????, ????? ????????? ????????????? ? java.lang."
org.apache.commons:commons-lang3,3.9,"Apache Commons Lang, ????? ????????? ??????? Java ??? ???????, ??????? ????????? ? ???????? java.lang ??? ????????? ????????? ????????????, ????? ????????? ????????????? ? java.lang."
org.apache.commons:commons-math3,3.6.1,"?????? Apache Commons Math - ??? ?????????? ??????, ??????????????? ??????????? ?????????? ? ??????????, ??????????????? ??? ??????? ???????? ???????????????? ???????????? ???????, ??????? ?? ?????? ???????? ? ????? ???????????????? Java ??? Commons-Lang."
org.apache.commons:commons-pool2,2.4.2,?????????? ???? ???????? Apache Commons.
org.apache.commons:commons-text,1.8,"Apache Commons Text - ??? ??????????, ??????????????? ?? ?????????, ?????????? ?? ????????."
org.apache.cxf:cxf-core,3.2.4,Apache CXF Core
org.apache.cxf:cxf-core,3.2.11,Apache CXF Core
org.apache.cxf:cxf-rt-bindings-soap,3.2.1,???????? ??????? ?????????? Apache CXF
org.apache.cxf:cxf-rt-bindings-xml,3.2.1,???????? ??????? ?????????? Apache CXF
org.apache.cxf:cxf-rt-databinding-jaxb,3.2.1,Apache CXF Runtime JAXB DataBinding
org.apache.cxf:cxf-rt-frontend-jaxrs,3.2.1,Apache CXF Runtime JAX-RS ????????
org.apache.cxf:cxf-rt-frontend-jaxws,3.2.1,Apache CXF Runtime JAX-WS Frontend
org.apache.cxf:cxf-rt-frontend-simple,3.2.1,Apache CXF Runtime ??????? ?????????
org.apache.cxf:cxf-rt-rs-client,3.2.1,?????? Apache CXF JAX-RS
org.apache.cxf:cxf-rt-transports-http,3.2.11,Apache CXF Runtime HTTP Transport
org.apache.cxf:cxf-rt-transports-http-jetty,3.2.11,Apache CXF Runtime HTTP Jetty Transport
org.apache.cxf:cxf-rt-ws-addr,3.2.1,Apache CXF Runtime WS ?????????
org.apache.cxf:cxf-rt-ws-policy,3.2.1,???????? Apache CXF Runtime WS
org.apache.cxf:cxf-rt-wsdl,3.2.1,Apache CXF Runtime Core ??? ?????????? ?? ?????? WSDL
org.apache.ftpserver:ftplet-api,1.1.1,"Ftplets, ??? ? ????????, ???????????? ????? API-????????? ??? ??????????? ? ?????????? ????? ???????? FtpServer."
org.apache.ftpserver:ftpserver-core,1.1.1,Apache FtpServer Core
org.apache.geronimo.specs:geronimo-j2ee-management_1.1_spec,1.0.1,J2EE Management 1.1
org.apache.geronimo.specs:geronimo-jms_1.1_spec,1.1.1,JMS 1.1
org.apache.geronimo.specs:geronimo-jms_2.0_spec,1.0-alpha-2,API Java Message Service 2.0
org.apache.geronimo.specs:geronimo-jta_1.1_spec,1.1.1,"???? 1,5"
org.apache.httpcomponents:httpclient,4.5.3,?????????? Java ? ?????? ????????? ?????? ??? ?????????????????????? ???????????? ???????? / ???????? ????? HTTP / HTTPS.
org.apache.httpcomponents:httpcore,4.4.6,HttpComponents Core (??????????? ? Java 1.3)
org.apache.ignite:ignite-core,2.5.0,????????????? ??????????? ??????????? ?? ?????? Java ??? ????????? ??????? ?????? ? ?????? ? ?????????????? ?????.
org.apache.ignite:ignite-indexing,2.5.0,????????????? ??????????? ??????????? ?? ?????? Java ??? ????????? ??????? ?????? ? ?????? ? ?????????????? ?????.
org.apache.ignite:ignite-spring,2.5.0,????????????? ??????????? ??????????? ?? ?????? Java ??? ????????? ??????? ?????? ? ?????? ? ?????????????? ?????.
org.apache.kafka:kafka-clients,2.4.0,???? ?????
org.apache.lucene:lucene-analyzers-common,5.5.2,?????????????? ???????????
org.apache.lucene:lucene-core,5.5.2,Apache Lucene Java Core
org.apache.lucene:lucene-queries,5.5.2,?????? Lucene Queries
org.apache.lucene:lucene-queryparser,5.5.2,?????? Lucene QueryParsers
org.apache.lucene:lucene-sandbox,5.5.2,Lucene Sandbox
org.apache.mina:mina-core,2.0.16,Apache MINA Core 3.0.0 M2
org.apache.mina:mina-core,2.0.19,Apache MINA Core 3.0.0 M2
org.apache.neethi:neethi,3.1.0,POM ??? ?????? ?? install: install-file
org.apache.qpid:proton-j,0.33.2,"??????????????????????, ???????????? ?????????? ?????? ???????????"
org.apache.santuario:xmlsec,2.1.2,???? ????? ?????? ??????????? $ {pkgArtifactId} - $ {pkgVersion} .jar.
org.apache.sshd:sshd-core,1.6.0,?????????? Java ??? ????????? ?????????? SSH ?? ??????? ??????? ? ???????
org.apache.ws.xmlschema:xmlschema-core,2.2.3,"Commons XMLSchema - ??? ??????????? ????????? ?????? ?????, ??????? ????? ???????????? ??? ?????????? ??? ????????? ????? XML."
org.apache.ws.xmlschema:xmlschema-core,2.2.4,"Commons XMLSchema - ??? ??????????? ????????? ?????? ?????, ??????? ????? ???????????? ??? ?????????? ??? ????????? ????? XML."
org.apache.xbean:xbean-spring,4.14,Xbean-spring ????????????? ??????????? ?????? ????????????? ?????????? ???????????? ???? ??? ?????????? Spring
org.apache.xmlbeans:xmlbeans,3.1.0,???????? ????? XmlBeans
org.apache-extras.camel-extra:camel-jcifs,2.18.0,????????? Camel JCIFS (SMB)
org.aspectj:aspectjweaver,1.8.9,???? AspectJ ???????????? ?????? ??? ??????? Java
org.assertj:assertj-core,2.6.0,??????? ? ?????? ??????????? ??? ???????????? ?? Java
org.bouncycastle:bcpg-jdk15on,1.57,Java API Bouncy Castle ??? ????????? ????????? OpenPGP.
org.bouncycastle:bcpkix-jdk15on,1.57,"Java API Bouncy Castle ??? CMS, PKCS, EAC, TSP, CMP, CRMF, OCSP ? ????????? ????????????."
org.bouncycastle:bcprov-jdk15on,1.60,????? Bouncy Castle Crypto ???????????? ????? Java-?????????? ????????????????? ??????????.
org.codehaus.groovy:groovy,2.4.9,"Gant - ??? ?????????? ?????? ??? ????????? ????? Ant, ???????????? Groovy ?????? XML ??? ??????????? ?????? ??????."
org.codehaus.groovy:groovy-all,2.4.5,"Groovy: ??????, ?????????? ???? ??? JVM"
org.codehaus.groovy:groovy-all,2.4.9,"Groovy: ??????, ?????????? ???? ??? JVM"
org.codehaus.jackson:jackson-core-asl,1.9.13,??????
org.codehaus.jackson:jackson-mapper-asl,1.9.13,"Data Mapper - ??? ?????????????????????? ????? ???????? ??????, ??????????? ?? ?????????? JSON JSON."
org.codehaus.jettison:jettison,1.3.8,?????????? StAX ??? JSON.
org.codehaus.mojo:animal-sniffer-annotations,1.14,???????? Sniffer ?????????
org.codehaus.plexus:plexus-archiver,2.2,????????? ?????????? Plexus
org.codehaus.plexus:plexus-container-default,1.0-alpha-9-stable-1,???????????? API-????????? Plexus IoC ? ??? ?????????? ?? ?????????.
org.codehaus.plexus:plexus-io,2.0.4,?????????? ????????? IO
org.codehaus.plexus:plexus-utils,3.0.7,"????????? ????????? ????????? ??????? ??? ?????????? ?????? ?? ????????, ???????, ?????????? ????????, XML ? ?????? ??????."
org.codehaus.woodstox:stax2-api,3.1.4,"Stax2 API - ??? ?????????? ???????? API Stax 1.0, ??????? ????????? ????? ?????? ???????, ????? ??? ??????????????????? ????????? ??????????????? ???????? ? ?????????????????????? API Typed Access."
org.codehaus.woodstox:woodstox-core-asl,4.4.1,"Woodstox - ??? ?????????????????????? ????????? XML, ??????? ????????? API-?????????? Stax (JSR-173) ? SAX2"
org.codehaus.woodstox:wstx-asl,3.2.9,?????????? ??? ????????
org.connectbot.jbcrypt:jbcrypt,1.0.0,?????????? ????????? ??????????? ??????? ? OpenBSD Blowfish
org.conscrypt:conscrypt-openjdk-uber,2.1.0,Conscrypt: OpenJdk UberJAR
org.eclipse.jetty.http2:http2-common,9.4.20.v20190813,Jetty :: HTTP2 :: Common
org.eclipse.jetty.http2:http2-hpack,9.4.20.v20190813,Jetty :: HTTP2 :: HPACK
org.eclipse.jetty.http2:http2-server,9.4.20.v20190813,Jetty :: HTTP2 :: ??????
org.eclipse.jetty.websocket:javax-websocket-client-impl,9.4.24.v20191120,Javax WebSocket Client
org.eclipse.jetty.websocket:javax-websocket-server-impl,9.4.24.v20191120,Javax WebSocket Server Impl
org.eclipse.jetty.websocket:websocket-api,9.4.24.v20191120,Jetty :: Websocket :: API
org.eclipse.jetty.websocket:websocket-client,9.4.24.v20191120,Jetty :: Websocket :: ??????
org.eclipse.jetty.websocket:websocket-common,9.4.24.v20191120,Jetty :: Websocket :: Common
org.eclipse.jetty.websocket:websocket-server,9.4.24.v20191120,Jetty :: Websocket :: ??????
org.eclipse.jetty.websocket:websocket-servlet,9.4.24.v20191120,Jetty :: Websocket :: ???????
org.eclipse.jetty:jetty-alpn-client,9.4.20.v20190813,?????? :: ALPN :: ??????
org.eclipse.jetty:jetty-alpn-conscrypt-client,9.4.20.v20190813,Jetty :: ALPN :: Conscrypt Client ??????????
org.eclipse.jetty:jetty-alpn-conscrypt-server,9.4.20.v20190813,Jetty :: ALPN :: Conscrypt Server ??????????
org.eclipse.jetty:jetty-alpn-server,9.4.20.v20190813,?????? :: ALPN :: ??????
org.eclipse.jetty:jetty-annotations,9.4.24.v20191120,????????? ????????? ??? ????????????? ????????? ? ????????.
org.eclipse.jetty:jetty-client,9.4.24.v20191120,Jetty :: ??????????? HTTP-??????
org.eclipse.jetty:jetty-continuation,9.4.24.v20191120,??????????? API
org.eclipse.jetty:jetty-http,9.4.24.v20191120,Jetty :: Http Utility
org.eclipse.jetty:jetty-io,9.4.24.v20191120,Jetty :: IO Utility
org.eclipse.jetty:jetty-jmx,9.4.24.v20191120,???????? ?????????? JMX ??? ????????.
org.eclipse.jetty:jetty-jndi,9.4.24.v20191120,JNDI spi impl ??? ???????????? ???? Java.
org.eclipse.jetty:jetty-plus,9.4.24.v20191120,?????? ? ????? Jetty JavaEE
org.eclipse.jetty:jetty-security,9.4.24.v20191120,?????????????? ???????????? ???????
org.eclipse.jetty:jetty-server,9.4.24.v20191120,???????? ???????? ??????? Jetty.
org.eclipse.jetty:jetty-servlet,9.4.24.v20191120,????????? ??? ????????? Jetty
org.eclipse.jetty:jetty-servlets,9.4.24.v20191120,????????? ???????? ?? Jetty
org.eclipse.jetty:jetty-util,9.4.24.v20191120,??????? ??? Jetty
org.eclipse.jetty:jetty-webapp,9.4.24.v20191120,????????? ???-?????????? Jetty
org.eclipse.jetty:jetty-xml,9.4.24.v20191120,???????? xml ???????.
org.eclipse.jgit:org.eclipse.jgit.http.apache,4.5.2.201704071617-r,????????? HTTP ?? ?????? Apache httpclient
org.eclipse.jgit:org.eclipse.jgit.http.server,4.5.2.201704071617-r,Git ???????? ?????????? HTTP-???????.
org.eclipse.jgit:org.eclipse.jgit,4.5.2.201704071617-r,?????? ? ??????????? ? ?????????
org.eclipse.milo:sdk-client,0.1.4,SDK Client
org.eclipse.milo:sdk-core,0.1.4,"Milo - ??? ?????????? OPC UA ? ???????? ???????? ?????. ?? ???????? ? ???? ?????????????????????? ???? (??????, ????????????, ????????? ??????, ????????????), ? ????? ?????????? ? ????????? SDK, ??????????? ?????? ?????."
org.eclipse.milo:sdk-server,0.1.4,SDK Server
org.eclipse.milo:stack-client,0.1.4,?????? ?????
org.eclipse.milo:stack-core,0.1.4,???? ?????
org.eclipse.milo:stack-server,0.1.4,"Milo - ??? ?????????? OPC UA ? ???????? ???????? ?????. ?? ???????? ? ???? ?????????????????????? ???? (??????, ????????????, ????????? ??????, ????????????), ? ????? ?????????? ? ????????? SDK, ??????????? ?????? ?????."
org.ehcache:ehcache,3.2.1,"Ehcache - ??? ?????? Java, ???????????????? ??? ?? ?????????? ?????????: ???????, ???????, ????????? ??? ???????????? ??? ??? Hibernate 2.1."
org.fusesource.hawtbuf:hawtbuf,1.11,HawtBuf
org.fusesource.hawtdispatch:hawtdispatch,1.22,HawtDispatch: API ????? libdispatch ??? Java
org.fusesource.hawtdispatch:hawtdispatch-transport,1.22,HawtDispatch Transport: ???????????? ?????????? ??? HawtDispatch
org.fusesource.hawtjni:hawtjni-runtime,1.9,"API, ??????? ??????????? ? ?????????????? HawtJNI, ?????? ????????? ?????? ????."
org.fusesource.jansi:jansi,1.11,Jansi - ??? Java-?????????? ??? ????????? ? ????????????? escape-??????????????????? ANSI.
org.fusesource.leveldbjni:leveldbjni,1.8,"Uber jar, ??????? ???????? ??? ?????????? ? ??????????? ????????? leveldbjni"
org.fusesource.leveldbjni:leveldbjni-all,1.8,"Uber jar, ??????? ???????? ??? ?????????? ? ??????????? ????????? leveldbjni"
org.fusesource.mqtt-client:mqtt-client,1.15,Mqtt-client ????????????? ??????????????? API ASL 2.0 ??? MQTT.
org.glassfish.web:javax.el,2.2.5,?????????? ????? ????????? 2.2
org.gridgain:ignite-shmem,1.0.0,?????????? IPC ? ????? ??????? ??? Apache Ignite.
org.hamcrest:hamcrest,2.2,"?????????? ????? ???????????? ?????????, ?????????? ??? ????????? ? ????? ?????????."
org.hamcrest:hamcrest-core,1.3,"Core Hamcrest API - ???????, ??????????? ?????? ???? «hamcrest»"
org.hamcrest:hamcrest-library,1.3,"?????????? ?????????? Hamcrest - ????????, ??????????? ?????? ??? ""hamcrest"""
org.hamcrest:hamcrest-library,2.2,"?????????? ?????????? Hamcrest - ????????, ??????????? ?????? ??? ""hamcrest"""
org.hibernate:hibernate-validator,4.3.1.Final,"?????? ???????? ????? (?? ????????? ????), Hibernate Validator ????????? ??? ???????? ??????????? ?????? ?????? ???? ??? (? ?????? ???? ???) ? ????????????? ???????????? ?? ???????????? ?? ????????? ??????? ????? ???????."
org.hibernate:hibernate-validator,5.3.4.Final,"?????? ???????? ????? (?? ????????? ????), Hibernate Validator ????????? ??? ???????? ??????????? ?????? ?????? ???? ??? (? ?????? ???? ???) ? ????????????? ???????????? ?? ???????????? ?? ????????? ??????? ????? ???????."
org.iq80.leveldb:leveldb,0.9,???? LevelDB ??? Java
org.iq80.leveldb:leveldb-api,0.6,Java API ???????? ?????? ??? LevelDB
org.iq80.leveldb:leveldb-api,0.9,Java API ???????? ?????? ??? LevelDB
org.javassist:javassist,3.21.0-GA,Javassist (???????? ?? ???????????????? ?? Java) - ??? ?????????? ??????? ??????? ???????? ??? Java.
org.jboss.logging:jboss-logging,3.3.0.Final,?????? JBoss Logging
org.jdom:jdom2,2.0.6,"?????? ??????? ?? ?????? Java ??? ???????, ??????????????? ? ?????? ?????? XML"
org.jenkins-ci.dom4j:dom4j,1.6.1-jenkins-4,????????? ?????? ????????? XML ?? ?????? Java Collections Framework
org.jenkins-ci.main:cli,2.97,???????? ???? ??? ?????? ? ????????? ???????
org.jenkins-ci.main:jenkins-core,2.97,??? ???? Jenkins ? ???????? ?????? ??? ???????????? HTML.
org.jenkins-ci.main:remoting,3.14,???????? ??????????? ??? ??? ??????????? ????????? ??????????? ????? Java ? ???? ???????????? ? ????? ????????.
org.jenkins-ci.plugins.icon-shim:icon-set,1.0.5,"???????? ??? ?????? ?????? Jenkins, ?? ??????? ?????????? ??? Jenkins Core, ??? ? ?????? icon shim."
org.jenkins-ci.plugins.workflow:workflow-scm-step,1.14.2,???????????? ?????? POM ??? ???????? Jenkins
org.jenkins-ci.plugins.workflow:workflow-step-api,1.14.2,???????????? ?????? POM ??? ???????? Jenkins
org.jenkins-ci.plugins:credentials,2.1.14,???? ?????? ????????? ??????? ??????? ?????? ? Jenkins.
org.jenkins-ci.plugins:display-url-api,0.2,????????????? ????? ?????????? DisplayURLProvider ??? ?????????????? ?????????????? URL-??????? ??? ????????????? ? ????????????.
org.jenkins-ci.plugins:git,3.6.4,??????????? Jenkins ? Git SCM
org.jenkins-ci.plugins:git-client,2.5.0,??????? ?????? ??? ????????? Git ? Jenkins
org.jenkins-ci.plugins:junit,1.2,?????????? ????????????
org.jenkins-ci.plugins:mailer,1.18,???? ?????? ????????? ????????? ??????????? ?? ??????????? ????? ??? ??????????? ??????
org.jenkins-ci.plugins:matrix-project,1.7.1,????????????????????? (?????????) ??? ???????.
org.jenkins-ci.plugins:scm-api,2.2.0,???? ?????? ????????????? ????? ??????????? API ??? ?????????????? ? ????????? SCM.
org.jenkins-ci.plugins:script-security,1.13,"????????? ??????????????? Jenkins ??????????????, ????? ???????????????? ???????? ????? ??????????? ?????????????? ? ???????? ???????."
org.jenkins-ci.plugins:ssh-credentials,1.13,????????? ??????? ??????? ?????? SSH ? Jenkins
org.jenkins-ci.plugins:structs,1.10,"?????? ?????????? ??? ???????? DSL, ??????? ????? ????? ??? ???????? Jenkins."
org.jenkins-ci:annotation-indexer,1.12,??????? ?????? ?????????.
org.jenkins-ci:bytecode-compatibility-transformer,1.8,?????????? ?? ?????? ?????????????? ????-???? ??? ?????????? ???????? ??????????????
org.jenkins-ci:commons-jelly,1.1-jenkins-20120928,Java ? XML ?? ?????? ????????? ? ????????? ??? ??????????? XML ? ??????????? ???
org.jenkins-ci:commons-jexl,1.1-jenkins-20111212,?????????? ????? ????????? JSTL ? ????????????
org.jenkins-ci:constant-pool-scanner,1.2,??????? ??????? ??? ???????????? ????-???? Java ?? ??????? ?????? ?? ?????? ? ???? ????????.
org.jenkins-ci:crypto-util,1.1,"??? ?????????? ????????????? ????? ???????, ??????? ???????? ????????????? ??????-?????????? Java"
org.jenkins-ci:jmdns,3.4.0-jenkins-3,????????????? ?????????? DNS ??? Java
org.jenkins-ci:memory-monitor,1.9,??? ??? ??????????? ????????????? ?????? / ????????
org.jenkins-ci:symbol-annotation,1.1,???????????? ?????? POM ??? ???????? Jenkins
org.jenkins-ci:task-reactor,1.4,??????? ?????????
org.jenkins-ci:trilead-ssh2,build-217-jenkins-11,"Ganymed SSH2 ??? Java - ??? ??????????, ??????? ????????? ???????? SSH-2 ? ?????? Java"
org.jenkins-ci:version-number,1.4,?????????? API-?????? ??? ??????? ? ????????? ??????? ??????
org.jetbrains:annotations,16.0.2,"????? ?????????, ???????????? ??? ????????? ???????? ???? ? ???????????????? ????."
org.jetbrains:annotations,19.0.0,"????? ?????????, ???????????? ??? ????????? ???????? ???? ? ???????????????? ????."
org.jooq:jool,0.9.10,"JOO? ???????? ?????? ????? jOOQ (?????? ? jOOQ, jOOX, jOOR, jOOU), ???????????? ????????? ???????? ?????????? ??? ????? Java 8."
org.jooq:jooq,3.9.1,JOOQ
org.jooq:jooq-meta,3.9.1,XOK Next
org.jooq:joox,1.4.0,"JOOX - ??? ??????????? ????????????, ???????????? jOOX Object Oriented XML."
org.jruby.ext.posix:jna-posix,1.0.3-jenkins-1,????? ?????-????????? / ?????????????????? API POSIX
org.json:json,20190722,"JSON - ??? ??????, ??????????? ?? ????? ?????? ?????? ???????."
org.jsonschema2pojo:jsonschema2pojo-core,1.0.2,Jsonschema2pojo Core
org.jsonschema2pojo:jsonschema2pojo-scalagen,1.0.2,Jsonschema2pojo ???????
org.jsoup:jsoup,1.11.3,jsoup - ??? ?????????? Java ??? ?????? ? ???????? HTML.
org.jvnet.hudson:activation,1.1.1-hudson-1,Java Activation Framework ? ??????
org.jvnet.hudson:commons-jelly-tags-define,1.0.1-hudson-20071021,?????????? ????? Jelly Define
org.jvnet.hudson:jtidy,4aug2000r7-dev-hudson-1,"JTidy - ??? Java-???? HTML Tidy, ???????? ???????? ?????????? HTML ? ??????????? ???????. ??? ? ??? ?????????? ????, ?? ?????????? Java, JTidy ????? ???????????? ? ???????? ??????????? ??? ??????? ??????????? ? ???????????? HTML. ????? ????, JTidy ????????????? ?????????? DOM ??? ????????? HTML"
org.jvnet.hudson:xstream,1.4.7-jenkins-1,XStream Core
org.jvnet.localizer:localizer,1.24,???????????
org.jvnet.robust-http-client:robust-http-client,1.2,???????? ?????????? ?????????? HTTP
org.jvnet.winp:winp,1.25,????? ?????? ????????? ? Windows
org.jvnet:tiger-types,2.2,??? ?????????????? ?????????? ??? Java5
org.kohsuke.jinterop:j-interop,2.0.6-kohsuke-1,?????? Java COM Bridge
org.kohsuke.jinterop:j-interopdeps,2.0.6-kohsuke-1,?????? Java COM Bridge
org.kohsuke.stapler:json-lib,2.4-jenkins-2,org.kohsuke.stapler:json-lib
org.kohsuke.stapler:stapler,1.254,???????? ????????? HTTP-???????? ????????
org.kohsuke.stapler:stapler-adjunct-codemirror,1.3,??????? ?????????? CodeMirror
org.kohsuke.stapler:stapler-adjunct-timeline,1.5,????????? ????? ?????????
org.kohsuke.stapler:stapler-adjunct-zeroclipboard,1.3.5-1,??????? ??????? ??? ZeroClipboard
org.kohsuke.stapler:stapler-groovy,1.254,???????? ????????? HTTP-????????
org.kohsuke.stapler:stapler-jelly,1.254,???????? ???????? ??? ????????
org.kohsuke.stapler:stapler-jrebel,1.254,????????? ???????????? JRebel ??? ????????
org.kohsuke:access-modifier-annotation,1.12,???????????????? ????????? ???????????? ???????
org.kohsuke:akuma,1.10,???????????? ?????????? ???????????
org.kohsuke:asm5,5.0.1,????? ObjectWeb ASM ???????????? ??? ???????? ???????????????? ????? ????????? ????????.
org.kohsuke:groovy-sandbox,1.8,????????? ?????????? ?????? Groovy ?????????
org.kohsuke:libpam4j,1.8,Libpam4j
org.kohsuke:libzfs,0.8,libzfs ??? Java
org.kohsuke:trilead-putty-extension,1.2,????????? ???? SSH ? ??????? PuTTY
org.kohsuke:windows-package-checker,1.2,Windows Package Checker
org.lz4:lz4-java,1.6.0,Java-????? ? ???????? ????????? ?????? LZ4 ? ????????? ??????????? xxHash
org.mapstruct:mapstruct,1.2.0.Final,MapStruct Core
org.mockftpserver:MockFtpServer,2.7.1,?????? MockFtpServer ????????????? ????????? / ????????? FTP-?????? ??? ???????????? ??????????? ???? FTP.
org.mockito:mockito-all,1.10.19,?????????? ????????? ???????? ??? Java
org.mockito:mockito-core,1.10.19,API ? ?????????? ?????????? Mockito Mock Objects Core
org.modelmapper:modelmapper,0.7.7,ModelMapper
org.mortbay.jasper:apache-el,8.0.33,MortBay :: Apache EL :: API ? ??????????
org.objenesis:objenesis,2.1,?????????? ??? ???????? ??????????? ???????? Java
org.opentest4j:opentest4j,1.1.1,???????? ???????? ?????? ??? JVM
org.ow2.asm:asm,5.0.3,????? ????????? ? ??????? ????? ??????????????? ????-????? Java
org.ow2.asm:asm,5.2,????? ????????? ? ??????? ????? ??????????????? ????-????? Java
org.ow2.asm:asm,7.0,????? ????????? ? ??????? ????? ??????????????? ????-????? Java
org.ow2.asm:asm,7.2,????? ????????? ? ??????? ????? ??????????????? ????-????? Java
org.ow2.asm:asm-analysis,5.0.3,"API ???????????? ??????? ???? ASM, ????? ????????? ? ??????? ????? ??????????????? ????-????? Java"
org.ow2.asm:asm-analysis,7.2,"API ???????????? ??????? ???? ASM, ????? ????????? ? ??????? ????? ??????????????? ????-????? Java"
org.ow2.asm:asm-commons,5.0.3,????? ????????? ? ??????? ????? ??????????????? ????-????? Java
org.ow2.asm:asm-commons,7.2,????? ????????? ? ??????? ????? ??????????????? ????-????? Java
org.ow2.asm:asm-tree,5.0.3,"Tree API ASM, ????? ????????? ? ??????? ????? ??????????????? ????-????? Java"
org.ow2.asm:asm-tree,7.2,"Tree API ASM, ????? ????????? ? ??????? ????? ??????????????? ????-????? Java"
org.ow2.asm:asm-util,5.0.3,"??????? ??? ASM, ????? ????????? ? ??????? ????? ??????????????? ????-????? Java"
org.projectlombok:lombok,1.16.12,"?????????? Java: ?????????????? ?????????? ?????????, ?????????????? ????????? ??????? ?????????, ?????????, ?????????, hashCode ? toString ? ?????? ??????!"
org.projectlombok:lombok,1.18.0,"?????????? Java: ?????????????? ?????????? ?????????, ?????????????? ????????? ??????? ?????????, ?????????, ?????????, hashCode ? toString ? ?????? ??????!"
org.projectlombok:lombok,1.18.4,"?????????? Java: ?????????????? ?????????? ?????????, ?????????????? ????????? ??????? ?????????, ?????????, ?????????, hashCode ? toString ? ?????? ??????!"
org.reflections:reflections,0.9.10,??????????? - ?????? ?????????? ????? ?????????? Java
org.rnorth.duct-tape:duct-tape,1.0.8,"????????????? ??????? ???????????? ??? Java 8 (???????????, ????-????, ???????????? ???????? ? ??????????? ??? ?????????? ??? ?????????????? ???????????)"
org.rnorth.visible-assertions:visible-assertions,2.1.2,????? ??????? ??????????? ??? ???????? ??????? Java
org.rnorth:tcp-unix-socket-proxy,1.0.2,???????????? ???? TCP ? ??????-?????????? ? ?????? ?????? UNIX.
org.samba.jcifs:jcifs,1.2.19,"JCIFS - ??? ?????????? ?????????? ? ???????? ???????? ?????, ??????? ????????? ??????? ???????? CIFS / SMB ?? 100% Java"
org.scala-lang:scala-library,2.11.12,??????????? ?????????? ??? ????? ???????????????? Scala
org.scijava:native-lib-loader,2.0.2,?????????? ??? ???????? ???????? ?????????.
org.skyscreamer:jsonassert,1.4.0,"?????????? ??? ?????????? RESTful, ?? ?????? API"
org.slf4j:jcl-over-slf4j,1.7.10,?????????? JCL 1.1.1 ?????? SLF4J
org.slf4j:jcl-over-slf4j,1.7.13,?????????? JCL 1.1.1 ?????? SLF4J
org.slf4j:jul-to-slf4j,1.6.1,JUL ? SLF4J ????
org.slf4j:jul-to-slf4j,1.7.24,JUL ? SLF4J ????
org.slf4j:log4j-over-slf4j,1.6.1,Log4j ?????????? ?????? SLF4J
org.slf4j:log4j-over-slf4j,1.7.24,Log4j ?????????? ?????? SLF4J
org.slf4j:slf4j-api,1.6.1,API slf4j
org.slf4j:slf4j-api,1.7.10,API slf4j
org.slf4j:slf4j-api,1.7.13,API slf4j
org.slf4j:slf4j-api,1.7.24,API slf4j
org.slf4j:slf4j-log4j12,1.6.1,?????????? SLF4J LOG4J-12
org.slf4j:slf4j-log4j12,1.7.24,?????????? SLF4J LOG4J-12
org.slf4j:slf4j-simple,1.7.10,?????????? SLF4J LOG4J-12
org.springframework.boot:spring-boot,1.5.2.RELEASE,"Spring Boot ????????? ????? ????????? ?????????? ???????????????? ?????????? ?? ?????? Spring, ??????? ????? «?????? ?????????»"
org.springframework.boot:spring-boot-actuator,1.5.2.RELEASE,"??????? ??? ????????????? Spring Boot's Actuator, ??????? ????????????? ??????? ? ?????? ???????, ??????? ??????? ??? ?????????????? ? ????????? ????? ???????????"
org.springframework.boot:spring-boot-autoconfigure,1.5.2.RELEASE,Spring Boot AutoConfigure
org.springframework.boot:spring-boot-configuration-processor,1.5.2.RELEASE,????????? ????????? ???????????? Spring Boot
org.springframework.boot:spring-boot-devtools,1.5.2.RELEASE,??????????? ???????????? Spring Boot
org.springframework.boot:spring-boot-starter,1.5.2.RELEASE,"??????? ???????, ??????? ????????? ????????????????, ???????????????? ? YAML"
org.springframework.boot:spring-boot-starter-activemq,1.5.2.RELEASE,??????? ??? ?????? ??????????? JMS ? ?????????????? Apache ActiveMQ
org.springframework.boot:spring-boot-starter-jetty,1.5.2.RELEASE,??????? ??? ????????????? Jetty ? ???????? ??????????? ?????????? ?????????.
org.springframework.boot:spring-boot-starter-logging,1.5.2.RELEASE,??????? ??? ????? ? ?????????????? Logback.
org.springframework.boot:spring-boot-starter-security,1.5.2.RELEASE,??????? ??? ????????????? Spring Security
org.springframework.boot:spring-boot-starter-test,1.5.2.RELEASE,"??????? ??? ???????????? ?????????? Spring Boot ? ????????????, ??????? JUnit, Hamcrest ? Mockito"
org.springframework.boot:spring-boot-starter-thymeleaf,1.5.2.RELEASE,??????? ??? ???????? ???-?????????? MVC ? ?????????????? ????????????? Thymeleaf
org.springframework.boot:spring-boot-starter-web,1.5.2.RELEASE,"??????? ??? ???????? ???, ? ??? ????? RESTful, ??????????, ???????????? Spring MVC."
org.springframework.boot:spring-boot-starter-websocket,1.5.2.RELEASE,??????? ??? ???????? ?????????? WebSocket ? ?????????????? ????????? Spring Framework WebSocket
org.springframework.boot:spring-boot-test,1.5.2.RELEASE,"??????? ??? ???????????? ?????????? Spring Boot ? ????????????, ??????? JUnit, Hamcrest ? Mockito"
org.springframework.boot:spring-boot-test-autoconfigure,1.5.2.RELEASE,Spring Boot Test AutoConfigure
org.springframework.data:spring-data-commons,1.12.4.RELEASE,Spring Data Core
org.springframework.integration:spring-integration-core,3.0.6.RELEASE,Spring Integration Core
org.springframework.integration:spring-integration-core,4.3.8.RELEASE,Spring Integration Core
org.springframework.ldap:spring-ldap-core,2.3.1.RELEASE,Spring-ldap-core
org.springframework.plugin:spring-plugin-core,1.2.0.RELEASE,??????? ?????????????? ????????
org.springframework.plugin:spring-plugin-metadata,1.2.0.RELEASE,????? ?????????? ??? ???????? ?? ?????? ??????????
org.springframework.retry:spring-retry,1.2.0.RELEASE,"Spring Retry ????????????? ?????????? ?????? ?????????? ????????? ????????, ? ?????? ?? ????????????? ?????????? ????????? ? ????????? ?? ?????? ???????, ??????? ????? ????????? ? ???????????."
org.springframework.security:spring-security-config,4.2.2.RELEASE,?????? ???????????? Spring
org.springframework.security:spring-security-core,4.2.2.RELEASE,?????? ???????????? Spring
org.springframework.security:spring-security-ldap,4.2.2.RELEASE,?????? ???????????? Spring
org.springframework.security:spring-security-web,4.2.2.RELEASE,?????? ???????????? Spring
org.springframework.session:spring-session,1.3.0.RELEASE,Spring ??????
org.springframework.ws:spring-ws-core,2.4.0.RELEASE,??????? ????? Spring Web Services.
org.springframework.ws:spring-ws-support,2.4.0.RELEASE,????? ????????? Spring Web Services.
org.springframework.ws:spring-xml,2.1.2.RELEASE,????????? ?????? ????????? XML ??? Spring Web Services
org.springframework:spring-aop,4.3.7.RELEASE,Spring Framework: AOP
org.springframework:spring-aspects,4.3.7.RELEASE,Spring Framework: ???????
org.springframework:spring-beans,4.3.7.RELEASE,Spring Framework: Beans
org.springframework:spring-context,4.3.7.RELEASE,Spring Framework: ????????
org.springframework:spring-core,4.3.7.RELEASE,Spring Framework: Core
org.springframework:spring-expression,4.3.7.RELEASE,Spring Expression Language (SpEL)
org.springframework:spring-jdbc,4.3.7.RELEASE,Spring Framework: JDBC
org.springframework:spring-jms,4.3.7.RELEASE,Spring Framework: JMS
org.springframework:spring-messaging,4.3.7.RELEASE,Spring Messaging
org.springframework:spring-orm,4.3.7.RELEASE,Spring Object / Relational Mapping
org.springframework:spring-oxm,4.3.7.RELEASE,Spring Object / XML Mapping ??????????
org.springframework:spring-test,4.3.7.RELEASE,Spring Framework: ????
org.springframework:spring-tx,4.3.7.RELEASE,Spring Framework: ??????????
org.springframework:spring-web,4.3.7.RELEASE,Spring Framework: Web
org.springframework:spring-webmvc,4.3.7.RELEASE,Spring Framework: WebMVC
org.springframework:spring-websocket,4.3.7.RELEASE,Spring WebSocket
org.testcontainers:testcontainers,1.14.2,?????????? ????????????? ??????????? ??? ???????????? ???? Java
org.thymeleaf:thymeleaf,2.1.5.RELEASE,??????????? ????????? ???????????? Java ??? ???-?????????? ? ?????????? ????
org.thymeleaf:thymeleaf-spring4,2.1.5.RELEASE,??????????? ????????? ???????????? Java ??? ???-?????????? ? ?????????? ????
org.unbescape:unbescape,1.1.0.RELEASE,"???????????, ?? ??????? ? ????????????? ?????????? escape / unescape ??? Java"
org.webjars:swagger-ui,3.25.0,WebJar ??? Swagger UI
org.webjars:webjars-locator,0.32,WebJar Locator
org.webjars:webjars-locator-core,0.30,???????????????? WebJar Locator Core
org.xerial.snappy:snappy-java,1.1.7.3,Snappy-java: ?????????? ???????? ?????? / ??????????
org.xmlunit:xmlunit-core,2.6.2,XMLUnit ??? Java
org.xmlunit:xmlunit-legacy,2.6.2,??????? ????????????? XMLUnit 1.x
org.xmlunit:xmlunit-placeholders,2.6.2,"XMLUnit ????????????? ??? ??????????? ??? ???????? ????, ????? XML-???? ?? ?????? ???????"
org.yaml:snakeyaml,1.17,?????? ? ??????? YAML 1.1 ??? Java
oro:oro,2.0.8,Oro
relaxngDatatype:relaxngDatatype,20020414,RelaxngDatatype
ru.factorts:wmq-repository,3.1.5,?????? ?????????????? ? WMQ
stax:stax-api,1.0.1,"StAX API - ??? ??????????? API ????????? XML Java, ???????????? ? JSR-173"
wsdl4j:wsdl4j,1.6.3,???? ????? ?????? ??????????? $ {pkgArtifactId} - $ {pkgVersion} .jar.
xalan:serializer,2.7.2,"???????????? ??? ?????? XML, HTML ? ?. ?. ? ???? ?????? ???????? ?? ???????? DOM ??? ?? ??????? ??????? SAX."
xalan:xalan,2.7.2,???? ????? ?????? ??????????? $ {pkgArtifactId} - $ {pkgVersion} .jar.
xerces:xercesImpl,2.11.0,"Xerces2 - ??? ????? ????????? ??????????????????????, ????????? ??????????? ???????????? XML ? ????????? Apache Xerces."
xml-apis:xml-apis,1.4.01,"Xml-commons ????????????? Apache-??????????? ????? ??????????? DOM, SAX ? JAXP ??? ????????????? ? ?????? ???????? ?? ?????? xml."
xml-resolver:xml-resolver,1.2,"Xml-commons ????????????? Apache-??????????? ????? ??????????? DOM, SAX ? JAXP ??? ????????????? ? ?????? ???????? ?? ?????? xml."
xmlpull:xmlpull,1.1.3.1,API XML Pull Parsing
xom:xom,1.2.5,XOM Dual Streaming / Tree API ??? ????????? XML
xpp3:xpp3,1.1.4c,???? ????? ?????? ??????????? $ {pkgArtifactId} - $ {pkgVersion} .jar.
xpp3:xpp3_min,1.1.4c,"MXP1 - ??? ?????????? ???????? ??????????????? ??????? XmlPull, ?????????? ?? ????? XPP ?, ? ?????????, XPP2, ?? ????????? ?????????????? ? ????????????, ????? ???????????? ??? ???????????? ????????? JVM JIT, ????? ??? Hotspot ? JDK 1.4+."
